
-- phpMyAdmin SQL Dump
-- version 3.5.2.2
-- http://www.phpmyadmin.net
--
-- Servidor: localhost
-- Tempo de Geração: 15/03/2017 às 21:54:49
-- Versão do Servidor: 10.0.28-MariaDB
-- Versão do PHP: 5.2.17

SET SQL_MODE="NO_AUTO_VALUE_ON_ZERO";
SET time_zone = "+00:00";


/*!40101 SET @OLD_CHARACTER_SET_CLIENT=@@CHARACTER_SET_CLIENT */;
/*!40101 SET @OLD_CHARACTER_SET_RESULTS=@@CHARACTER_SET_RESULTS */;
/*!40101 SET @OLD_COLLATION_CONNECTION=@@COLLATION_CONNECTION */;
/*!40101 SET NAMES utf8 */;

--
-- Banco de Dados: `u917852189_base`
--

-- --------------------------------------------------------

--
-- Estrutura da tabela `categorias`
--

CREATE TABLE IF NOT EXISTS `categorias` (
  `id` int(10) unsigned NOT NULL AUTO_INCREMENT,
  `nome` varchar(200) COLLATE utf8mb4_unicode_ci NOT NULL,
  `created_at` timestamp NULL DEFAULT NULL,
  `updated_at` timestamp NULL DEFAULT NULL,
  `url` varchar(254) COLLATE utf8mb4_unicode_ci NOT NULL,
  PRIMARY KEY (`id`)
) ENGINE=MyISAM  DEFAULT CHARSET=utf8mb4 COLLATE=utf8mb4_unicode_ci AUTO_INCREMENT=15 ;

--
-- Extraindo dados da tabela `categorias`
--

INSERT INTO `categorias` (`id`, `nome`, `created_at`, `updated_at`, `url`) VALUES
(3, 'Operador de Caixa', '2017-02-25 03:35:47', '2017-03-07 20:51:51', '1488909110.jpg'),
(2, 'Informática', '2017-02-25 03:35:32', '2017-03-07 22:59:12', '1488908944.jpg'),
(4, 'Designer Gráfico', '2017-02-25 03:36:00', '2017-03-07 22:56:37', '1488916597.jpg'),
(5, 'Vendas', '2017-02-25 03:36:10', '2017-03-07 21:10:39', '1488910239.jpg'),
(6, 'Fera Enem', '2017-02-27 19:41:27', '2017-03-07 21:12:39', '1488910359.png'),
(7, 'Excel Avançado', '2017-03-06 21:38:28', '2017-03-07 21:13:52', '1488910432.jpg'),
(8, 'Rotinas Administrativas', '2017-03-06 21:38:50', '2017-03-07 21:15:17', '1488910516.png'),
(10, 'Programador', '2017-03-07 21:24:06', '2017-03-07 21:24:06', '1488911045.jpg'),
(11, 'Profissionalizantes', '2017-03-07 23:01:49', '2017-03-07 23:01:49', '1488916908.jpg'),
(12, 'Farmácia', '2017-03-09 16:51:17', '2017-03-09 16:51:17', '1489078277.jpg'),
(13, 'Web Designer', '2017-03-09 17:47:55', '2017-03-09 17:47:55', '1489081675.jpg'),
(14, 'AutoCAD 2014', '2017-03-09 19:08:41', '2017-03-09 19:08:41', '1489086521.jpg');

-- --------------------------------------------------------

--
-- Estrutura da tabela `cursos`
--

CREATE TABLE IF NOT EXISTS `cursos` (
  `id` int(10) unsigned NOT NULL AUTO_INCREMENT,
  `nome` varchar(200) COLLATE utf8mb4_unicode_ci NOT NULL DEFAULT 'sem nome',
  `descricao` text COLLATE utf8mb4_unicode_ci NOT NULL,
  `slug` varchar(100) COLLATE utf8mb4_unicode_ci NOT NULL,
  `imagem` varchar(255) COLLATE utf8mb4_unicode_ci DEFAULT NULL,
  `categoria_id` int(11) DEFAULT NULL,
  `created_at` timestamp NULL DEFAULT NULL,
  `updated_at` timestamp NULL DEFAULT NULL,
  PRIMARY KEY (`id`),
  UNIQUE KEY `cursos_slug_unique` (`slug`)
) ENGINE=MyISAM  DEFAULT CHARSET=utf8mb4 COLLATE=utf8mb4_unicode_ci AUTO_INCREMENT=36 ;

--
-- Extraindo dados da tabela `cursos`
--

INSERT INTO `cursos` (`id`, `nome`, `descricao`, `slug`, `imagem`, `categoria_id`, `created_at`, `updated_at`) VALUES
(15, 'Hardware', '<h2>O que &eacute; o Hardware 2.0</h2>\r\n<p>Hardware &eacute; a parte f&iacute;sica do computador. &Eacute; formado pelos componentes eletr&ocirc;nicos, como por exemplo, circuitos de fios e luz, utens&iacute;lios, correntes ou qualquer outro material em estado f&iacute;sico que seja fundamental para que um computador funcione.</p>\r\n<h2>O que vou aprender neste curso?</h2>\r\n<p>Ao longo deste curso interativo, o aluno ir&aacute; se aprofundar&aacute; sobre todos os componentes do computador, estudando cada uma de suas as fun&ccedil;&otilde;es. O curso ensina sistema bin&aacute;rio, sistemas de arquivos, montagem de um PC, configura&ccedil;&atilde;o de setup, drivers, pragas virtuais, etc.</p>\r\n<h2>Onde posso trabalhar?</h2>\r\n<p>O aluno que cursar Hardware estar&aacute; apto a trabalhar como T&eacute;cnico de Inform&aacute;tica, oferecendo manuten&ccedil;&atilde;o em microcomputadores.</p>\r\n<p><strong>Especifica&ccedil;&otilde;es do Curso</strong></p>\r\n<p>Carga hor&aacute;ria total: 24 horas.</p>\r\n<p>Requisitos: No&ccedil;&otilde;es b&aacute;sicas de Inform&aacute;tica.</p>\r\n<p>P&uacute;blico alvo: Interessados em atuar no mercado de montagem e manuten&ccedil;&atilde;o de computadores. Pertence aos pacotes: Manuten&ccedil;&atilde;o e Montagem de Computadores.</p>', 'curso-hardware', '1488826366.jpg', 2, '2017-03-06 21:52:46', '2017-03-06 21:52:46'),
(6, 'Atendimento ao Cliente', '<h2>O que &eacute; o Atendimento ao Cliente</h2>\r\n<p style="text-align: justify;">O curso de Atendimento ao Cliente &eacute; destinado &agrave;queles que gostariam de desenvolver e aprimorar t&eacute;cnicas de atendimento a clientes em v&aacute;rios setores profissionais, promover reflex&atilde;o cr&iacute;tica sobre o atendimento ao cliente, identificar aspectos que contribuem com a satisfa&ccedil;&atilde;o do cliente e planejar a&ccedil;&otilde;es que possibilitem resultados positivos na satisfa&ccedil;&atilde;o de sua clientela.</p>\r\n<h2>O que vou aprender neste curso?</h2>\r\n<p>Neste curso interativo de Atendimento ao Cliente, o aluno aprender&aacute; a fazer o atendimento de um modo geral, por telefone, pela internet e em &aacute;reas espec&iacute;ficas da sa&uacute;de. Tamb&eacute;m ser&aacute; poss&iacute;vel conhecer os elementos da comunica&ccedil;&atilde;o, a fim de recepcionar o cliente da melhor forma e saber trabalhar com insatisfa&ccedil;&otilde;es.</p>\r\n<h2>Onde posso trabalhar?</h2>\r\n<p>O mercado de trabalho oferece diversas possibilidades. Dentre eles, poder&aacute; trabalhar em escrit&oacute;rios, lojas, f&aacute;bricas e empresas.</p>\r\n<h3>Especifica&ccedil;&otilde;es do Curso</h3>\r\n<p>Carga hor&aacute;ria total: 18 horas.</p>\r\n<p>Requisitos: No&ccedil;&otilde;es b&aacute;sicas de Inform&aacute;tica.</p>\r\n<p>P&uacute;blico alvo: Interessados em trabalhar com atendimento a clientes.</p>\r\n<p>Pertence aos pacotes:</p>\r\n<p>Atendimento e Vendas.</p>', 'atendimento-curso', '1488910920.jpg', 5, '2017-02-25 04:07:15', '2017-03-07 21:22:00'),
(9, 'Segurança do trabalho', '<h2>O que &eacute; o Seguran&ccedil;a do Trabalho</h2>\r\n<p>O curso de Seguran&ccedil;a do Trabalho deve desenvolver atividades de planejamento; orienta&ccedil;&atilde;o e controle de sistemas de Seguran&ccedil;a do Trabalho, investigando situa&ccedil;&otilde;es de riscos e causas de acidentes, visando &agrave; prote&ccedil;&atilde;o e preven&ccedil;&atilde;o de acidentes nos locais de trabalho, em cumprimento &agrave; sa&uacute;de e seguran&ccedil;a dos trabalhadores.</p>\r\n<h2>O que vou aprender neste curso?</h2>\r\n<p>O curso &eacute; alinhado com o mercado de trabalho, atendendo &agrave;s exig&ecirc;ncias espec&iacute;ficas da ocupa&ccedil;&atilde;o, que abordam Hist&oacute;ria da Seguran&ccedil;a do Trabalho, Acidente de Trabalho, Sinaliza&ccedil;&atilde;o de Seguran&ccedil;a, Equipamentos de Prote&ccedil;&atilde;o, Combate a Inc&ecirc;ndio, Primeiros Socorros e Normas Regulamentadoras, entre outras.</p>\r\n<h2>Onde posso trabalhar?</h2>\r\n<p>Esse profissional pode atuar em &oacute;rg&atilde;os p&uacute;blicos e privados, na &aacute;rea de educa&ccedil;&atilde;o, presta&ccedil;&atilde;o de servi&ccedil;os, sa&uacute;de e com&eacute;rcio. Al&eacute;m disso, o profissional pode ter o pr&oacute;prio neg&oacute;cio.</p>\r\n<p><strong>Especifica&ccedil;&otilde;es do Curso</strong></p>\r\n<p>Carga hor&aacute;ria total: 18 horas.</p>\r\n<p>Requisitos: No&ccedil;&otilde;es b&aacute;sicas de Inform&aacute;tica.</p>\r\n<p>P&uacute;blico alvo: Interessados em exercer profiss&otilde;es do campo de Seguran&ccedil;a do Trabalho.</p>\r\n<p>Pertence aos pacotes:</p>\r\n<p>Seguran&ccedil;a do Trabalho.</p>', 'seguranca-trabalho', '1488827003.jpg', 11, '2017-02-27 20:17:17', '2017-03-07 23:03:44'),
(10, 'Redes', '<h2>O que &eacute; o Redes</h2>\r\n<p>O curso de Redes apresenta conceitos e arquiteturas b&aacute;sicas das redes de computadores, que permitem uma troca de informa&ccedil;&otilde;es eficiente e aumentam a produtividade, sendo um componente importante para as empresas.</p>\r\n<h2>O que vou aprender neste curso?</h2>\r\n<p>O curso aborda o funcionamento e a configura&ccedil;&atilde;o de equipamentos de redes, desde os fundamentos e protocolos de transfer&ecirc;ncias at&eacute; roteadores, switches e meios de seguran&ccedil;a.</p>\r\n<h2>Onde posso trabalhar?</h2>\r\n<p>O aluno que cursar Redes estar&aacute; apto a trabalhar como T&eacute;cnico de Inform&aacute;tica, oferecendo instala&ccedil;&atilde;o e configura&ccedil;&atilde;o de redes internas para empresas.</p>\r\n<p><strong>Especifica&ccedil;&otilde;es do Curso</strong></p>\r\n<p>Carga hor&aacute;ria total: 18 horas.</p>\r\n<p>Requisitos: Hardware.</p>\r\n<p>P&uacute;blico alvo: Interessados em atuar no mercado de montagem e manuten&ccedil;&atilde;o de computadores e redes internas para empresas.</p>\r\n<p>Pertence aos pacotes:</p>\r\n<p>&nbsp;</p>\r\n<p>Manuten&ccedil;&atilde;o e Montagem de Computadores.</p>', 'curso-redes', '1488826887.jpg', 2, '2017-02-27 20:18:20', '2017-03-06 22:01:27'),
(11, 'Informática Básica', '<p><strong>O que &eacute; o Windows 10</strong></p>\r\n<p>Fabricado pela Microsoft, o Windows &eacute; um sistema operacional que tem a fun&ccedil;&atilde;o de realizar a comunica&ccedil;&atilde;o entre os usu&aacute;rios e a m&aacute;quina. Possui in&uacute;meras fun&ccedil;&otilde;es, como recursos facilitados de compartilhamento de arquivos. Atrav&eacute;s dele &eacute; poss&iacute;vel instalar diversos outros programas.</p>\r\n<p><strong>O que vou aprender neste curso?</strong></p>\r\n<p>O curso de Windows 10 tem o objetivo de apresentar ao aluno o que &eacute; e como usar de modo mais funcional o sistema operacional mais recente da Microsoft, o Windows 10. O curso aborda a utiliza&ccedil;&atilde;o do sistema desde o momento em que ligamos o computador, e tamb&eacute;m como aproveit&aacute;-lo para entretenimento, trabalho e estudos, com seguran&ccedil;a e praticidade. &Eacute; importante lembrar que o sistema operacional &eacute; a base para que os programas ou aplicativos funcionem no computador.</p>\r\n<p><strong>Onde posso trabalhar?</strong></p>\r\n<p>Em todo e qualquer lugar onde se fa&ccedil;a necess&aacute;rio o uso de um computador, &eacute; essencial que o seu utilizador disponha de conhecimentos e aptid&otilde;es sobre como trabalhar com o Sistema Operacional.</p>\r\n<p><strong>O que &eacute; o Excel 2013 - M&oacute;dulo I</strong></p>\r\n<p>Fabricado pela Microsoft, o Excel &eacute; a planilha eletr&ocirc;nica que faz parte do pacote Microsoft Office 2013. Possui todos os recursos necess&aacute;rios para calcular, analisar, resumir e apresentar os dados em relat&oacute;rios num&eacute;ricos. &Eacute;, com grande vantagem, o aplicativo de planilha eletr&ocirc;nica mais utilizado do mercado.</p>\r\n<p><strong>O que vou aprender neste curso?</strong></p>\r\n<p>Neste curso interativo, o aluno ir&aacute; aprender iniciar a poderosa ferramenta das planilhas eletr&ocirc;nicas, bem como editar, formatar c&eacute;lula, cria&ccedil;&atilde;o de gr&aacute;ficos, inser&ccedil;&atilde;o de imagens, formata&ccedil;&atilde;o predefinida e formulas simples, tais como, estat&iacute;sticas e SE.</p>\r\n<p><strong>Onde posso trabalhar?</strong></p>\r\n<p>Os alunos que cursarem Access, Excel, PowerPoint e Word est&atilde;o aptos a trabalhar como operadores de microcomputador. Al&eacute;m disso, estar&atilde;o aptos a trabalhar nos setores financeiros das empresas.</p>\r\n<p>O que &eacute; o Word 2013 - M&oacute;dulo I</p>\r\n<p>Fabricado pela Microsoft, o Microsoft Office Word faz parte do conjunto de aplicativos Microsoft Office 2013. &Eacute; o editor de textos mais utilizado no mundo. Permite desde uma simples digita&ccedil;&atilde;o de texto at&eacute; o uso de recursos muito avan&ccedil;ados, criando documentos altamente profissionais.</p>\r\n<p><strong>O que vou aprender neste curso?</strong></p>\r\n<p>O curso tem como objetivo habilitar o aluno a utilizar este software utilizando todas as suas possibilidades. Ser&atilde;o apresentadas as ferramentas de cria&ccedil;&atilde;o, edi&ccedil;&atilde;o, formata&ccedil;&atilde;o, corre&ccedil;&atilde;o, entre outros. Al&eacute;m de funcionalidades mais avan&ccedil;adas, como criar Macros, criar documentos Web, enviar malas diretas.</p>\r\n<p><strong>Onde posso trabalhar?</strong></p>\r\n<p>Os alunos que cursarem Access, Excel, PowerPoint e Word est&atilde;o aptos a trabalhar como operadores de microcomputador.</p>\r\n<p><strong>O que &eacute; o PowerPoint 2013</strong></p>\r\n<p>Fabricado pela Microsoft, o PowerPoint &eacute; um programa que permite a cria&ccedil;&atilde;o e exibi&ccedil;&atilde;o de apresenta&ccedil;&otilde;es em forma de slides com efeitos e anima&ccedil;&otilde;es. Seu objetivo &eacute; transmitir informa&ccedil;&otilde;es de modo pr&aacute;tico, din&acirc;mico e profissional sobre um determinado assunto, utilizando imagens, sons, textos e v&iacute;deos.</p>\r\n<p><strong>O que vou aprender neste curso?</strong></p>\r\n<p>O objetivo do curso interativo Microsoft PowerPoint &eacute; fornecer ao aluno os meios para a utiliza&ccedil;&atilde;o deste programa. Atrav&eacute;s dele, o aluno poder&aacute; criar e organizar apresenta&ccedil;&otilde;es de trabalhos, manipular slides, personalizar a apar&ecirc;ncia destes, aplicar planos de fundo, importar imagens, inserir sons e filmes.</p>\r\n<p><strong>Onde posso trabalhar?</strong></p>\r\n<p>Os alunos que cursarem Access, Excel, PowerPoint e Word est&atilde;o aptos a trabalhar como operadores de microcomputador.</p>\r\n<p><strong>O que &eacute; o Internet 3.0</strong></p>\r\n<p>Internet &eacute; o maior conglomerado de redes de comunica&ccedil;&atilde;o em escala mundial. Carrega uma ampla variedade de recursos e servi&ccedil;os, promovendo, al&eacute;m de outras coisas, integra&ccedil;&atilde;o social, armazenamento de informa&ccedil;&otilde;es e globaliza&ccedil;&atilde;o de produtos. &Eacute; um conjunto de diversos tipos de redes e de computadores interligados em todo o mundo.</p>\r\n<p><strong>O que vou aprender neste curso?</strong></p>\r\n<p>O curso de Internet 3.0 tem o objetivo de preparar o aluno para entender e familiarizar-se com a Internet. Utilizando os navegadores mais famosos, o aluno aprender&aacute; desde assuntos mais b&aacute;sicos como fazer pesquisas e downloads at&eacute; assuntos mais espec&iacute;ficos como fazer compras e como utilizar o aplicativo WhatsApp para o computador.</p>\r\n<p><strong>Onde posso trabalhar?</strong></p>\r\n<p>O aluno poder&aacute; utilizar seus conhecimentos para atividades de lazer, comunica&ccedil;&atilde;o, buscar informa&ccedil;&otilde;es, realizar pesquisas ou outros trabalhos.</p>', 'curso-informatica', '1488829246.jpg', 2, '2017-02-27 21:26:21', '2017-03-14 17:00:01'),
(12, 'Enem História', '<h2>O que &eacute; o ENEM - Hist&oacute;ria</h2>\r\n<p>O conjunto de conhecimentos relativos ao passado da humanidade e sua evolu&ccedil;&atilde;o, segundo o lugar, a &eacute;poca, o ponto de vista escolhido, &eacute; denominado Hist&oacute;ria. As quest&otilde;es de Hist&oacute;ria no ENEM encontram-se na prova de "Ci&ecirc;ncias Humanas e suas tecnologias"; s&atilde;o compostas por longos textos que exigem boa leitura e interpreta&ccedil;&atilde;o, e algumas quest&otilde;es partem de tem&aacute;ticas de eventos antigos e contempor&acirc;neos para avaliar o conhecimento do estudante.</p>\r\n<h2>O que vou aprender neste curso?</h2>\r\n<p>O curso de Hist&oacute;ria tem como objetivo preparar o aluno para realizar a prova de Hist&oacute;ria do ENEM com maior seguran&ccedil;a e familiaridade, apresentando os assuntos de forma simplificada. Aborda quest&otilde;es pr&eacute;-hist&oacute;ricas, da Idade M&eacute;dia, Idade Moderna e Idade Contempor&acirc;nea enquanto Hist&oacute;ria Geral, e tamb&eacute;m apresenta um conte&uacute;do especial sobre Hist&oacute;ria do Brasil, desde seu descobrimento at&eacute; os &uacute;ltimos acontecimentos do per&iacute;odo do governo Lula. De acordo com o conte&uacute;do, com muito empenho, o aluno estar&aacute; apto a realizar um &oacute;timo exame.</p>\r\n<h2>Onde posso trabalhar?</h2>\r\n<h4><strong>Especifica&ccedil;&otilde;es do Curso</strong></h4>\r\n<p>Carga hor&aacute;ria total: 13 horas.</p>\r\n<p>Requisitos: O candidato deve estar cursando o 3&deg; ano do ensino m&eacute;dio ou ter acima de 18 anos.</p>\r\n<p>P&uacute;blico alvo: Jovens e adultos interessados a ingressar na universidade ou obter o diploma do ensino m&eacute;dio.</p>\r\n<p><strong>Pertence aos pacotes:</strong></p>\r\n<p>Preparat&oacute;rio para ENEM.</p>', 'enem-historia', '1488827233.jpg', 6, '2017-02-27 21:29:26', '2017-03-06 22:07:14'),
(13, 'Como ser Youtuber', '<h6 style="box-sizing: border-box; font-size: 16px; font-family: Verdana, Geneva, sans-serif; line-height: 30px; margin-top: 0px; margin-bottom: 26px; color: #222222; text-align: justify;"><strong>Veja como ser um youtuber de sucesso e viver financeiramente da profiss&atilde;o!<span id="more-18187" style="box-sizing: border-box;"></span></strong></h6>\r\n<h6 style="box-sizing: border-box; font-size: 16px; font-family: Verdana, Geneva, sans-serif; line-height: 30px; margin-top: 0px; margin-bottom: 26px; color: #222222; text-align: justify;"><strong>&ldquo;Ol&aacute;, como vai voc&ecirc;?&rdquo;; &ldquo;N&atilde;o faz sentido&rdquo;; voc&ecirc; reconhece estas falas? Pois bem, s&atilde;o bord&otilde;es de algumas das principais refer&ecirc;ncias em canais do Youtube do Brasil, sendo respectivamente do PC Siqueira e Felipe Neto, muito provavelmente voc&ecirc; j&aacute; assistiu v&iacute;deos deles, n&atilde;o &eacute;? Estas e demais personalidades criam conte&uacute;do para os seus canais no Youtube, recebendo milh&otilde;es de acessos em poucos dias, ganham dinheiro e fama no universo virtual.</strong></h6>\r\n<h6 style="box-sizing: border-box; font-size: 16px; font-family: Verdana, Geneva, sans-serif; line-height: 30px; margin-top: 0px; margin-bottom: 26px; color: #222222; text-align: justify;"><strong>Voc&ecirc; tem interesse em ser um youtuber? Se o desejo &eacute; apenas ter um canal da plataforma de v&iacute;deos, basta ligar a c&acirc;mera e fazer algo do seu interesse, mas se a ideia &eacute; conquistar o p&uacute;blico e ter o seu trabalho reconhecido &eacute; necess&aacute;rio ir muito al&eacute;m, montando uma estrutura, um planejamento e, acima de tudo, oferecer um conte&uacute;do de qualidade para os internautas, fazendo com que eles se identifiquem com o que est&aacute; sendo dito e passem a acompanhar o seu trabalho. Esse profissionalismo no meio &eacute; chamado de Youtuber, ou seja, algu&eacute;m que trabalha de forma profissional e com qualidade na plataforma.</strong></h6>', 'curso-youtuber', '1489008220.png', 2, '2017-03-02 20:34:54', '2017-03-08 21:23:43'),
(14, 'Crédito e Cobrança', '<h3>O que &eacute; o Cr&eacute;dito e Cobran&ccedil;a</h3>\r\n<p>O curso de Cr&eacute;dito e Cobran&ccedil;a tem o objetivo de capacitar os profissionais quanto aos principais conceitos atuais relacionados aos setores financeiro e comercial de qualquer empresa.</p>\r\n<h3>O que vou aprender neste curso?</h3>\r\n<p>O curso abrange temas como: Etapas da An&aacute;lise de Cr&eacute;dito, fatores de sucesso na negocia&ccedil;&atilde;o, abordagem a consumidores, modelos de cobran&ccedil;as, c&aacute;lculos para vendas a prazo, normas do C&oacute;digo de Defesa do Consumidor e muito mais.</p>\r\n<h3>Onde posso trabalhar?</h3>\r\n<p>O mercado de trabalho oferece diversas possibilidades. Dentre eles, poder&aacute; trabalhar em escrit&oacute;rios, ind&uacute;strias, com&eacute;rcios que prestam servi&ccedil;o de empr&eacute;stimos e financiamentos.</p>\r\n<p>&nbsp;</p>\r\n<p><strong>Especifica&ccedil;&otilde;es do Curso</strong></p>\r\n<p>Carga hor&aacute;ria total: 18 horas.</p>\r\n<p>Requisitos: No&ccedil;&otilde;es b&aacute;sicas de Inform&aacute;tica.</p>\r\n<p>P&uacute;blico alvo: Interessados em trabalhar na &aacute;rea de cobran&ccedil;a/financeira.</p>\r\n<p>Pertence aos pacotes:</p>\r\n<p>Analista Cont&aacute;bil e Financeiro.</p>', 'credito-cobranca', '1488911911.png', 11, '2017-03-02 20:50:55', '2017-03-07 23:04:22'),
(17, 'Flash Cs6', '<h3>O que &eacute; o Flash CS6</h3>\r\n<h5>Fabricado pela Adobe, o Flash CS6 &eacute; o ambiente de cria&ccedil;&atilde;o l&iacute;der do setor para a cria&ccedil;&atilde;o de anima&ccedil;&otilde;es gr&aacute;ficas e interativas. &Eacute; um ambiente de autoria avan&ccedil;ado para cria&ccedil;&atilde;o de conte&uacute;do de anima&ccedil;&atilde;o e multim&iacute;dia. Com a anima&ccedil;&atilde;o baseada em objetos, o tempo necess&aacute;rio para transformar imagens em s&iacute;mbolos animados no Flash fica reduzido a segundos.</h5>\r\n<h3>O que vou aprender neste curso?</h3>\r\n<h5>No curso interativo Adobe Flash CS6 o aluno aprender&aacute; a dominar as poderosas ferramentas deste software. Seu conte&uacute;do inclui desde a cria&ccedil;&atilde;o de anima&ccedil;&otilde;es simples, anima&ccedil;&otilde;es em flash, interatividade, cria&ccedil;&atilde;o de games at&eacute; a montagem e publica&ccedil;&atilde;o final na Internet.</h5>\r\n<h3>Onde posso trabalhar?</h3>\r\n<h5>Os alunos que cursarem o adobe Dreamweaver, Fireworks e Flash poder&atilde;o trabalhar como Projetistas Web.</h5>\r\n<h5>Especifica&ccedil;&otilde;es do Curso</h5>\r\n<h5>Carga hor&aacute;ria total: 16 horas.</h5>\r\n<h5>Requisitos: No&ccedil;&otilde;es b&aacute;sicas de inform&aacute;tica.</h5>\r\n<h5>P&uacute;blico alvo: Desenvolvedores de anima&ccedil;&otilde;es e p&aacute;ginas para web.</h5>\r\n<h5>Pertence aos pacotes:</h5>\r\n<h5>Projetista Gr&aacute;fico Profissional, Games.</h5>', 'curso-flashcs6', '1488916248.jpg', 4, '2017-03-07 22:50:48', '2017-03-09 16:31:43'),
(19, 'Operador de Caixa', '<h3>O que &eacute; o Operador de Caixa 2.0</h3>\r\n<p>O Operador de caixa &eacute; o profissional respons&aacute;vel pelo recebimento dos valores das vendas nos estabelecimentos, seja em dinheiro, cheques, cart&otilde;es ou similares. Al&eacute;m desta atribui&ccedil;&atilde;o, o operador de caixa &eacute; respons&aacute;vel pelo atendimento ao cliente, pois mant&eacute;m contato direto com este.</p>\r\n<h3>O que vou aprender neste curso?</h3>\r\n<p>O objetivo do curso &eacute; preparar o aluno para as responsabilidades de um operador de caixa e todas as suas atribui&ccedil;&otilde;es, familiarizando-o com o ambiente em que ir&aacute; trabalhar. Receber&aacute; treinamento sobre como operar com dinheiro, cheques e cart&otilde;es, aprender&aacute; a reconhecer dinheiro falso, atender clientes, trabalhar sua postura e a conhecer diferentes m&aacute;quinas registradoras.</p>\r\n<h3>Onde posso trabalhar?</h3>\r\n<p>Operadores de Caixa podem trabalhar em qualquer estabelecimento comercial, desde lojas a supermercados.</p>\r\n<p><strong>Especifica&ccedil;&otilde;es do Curso</strong></p>\r\n<p>Carga hor&aacute;ria total: 20 horas.</p>\r\n<p>Requisitos: No&ccedil;&otilde;es b&aacute;sicas de Inform&aacute;tica.</p>\r\n<p>P&uacute;blico alvo: Interessados em trabalhar como Operador de Caixa.</p>\r\n<p>Pertence aos pacotes:</p>\r\n<p>Operador de Caixa, Atendimento de Farm&aacute;cia.</p>', 'curso-operadorCaixa', '1489077972.jpg', 3, '2017-03-09 16:46:12', '2017-03-09 16:46:12'),
(18, 'Indesign CS6', '<h3 class="CRSOqueEh">O que &eacute; o InDesign CS6</h3>\r\n<div class="CRSOqueEh">&nbsp;</div>\r\n<div class="CRSOqueEh">Fabricado pela Adobe, o InDesign &eacute; um software para diagrama&ccedil;&atilde;o e organiza&ccedil;&atilde;o de p&aacute;ginas de revistas e jornais, criado para substituir o Adobe PageMaker. Apresenta uma variedade de aprimoramentos, o que resulta em mais produtividade. O programa cria documentos em formato pr&oacute;prio, edit&aacute;vel, que posteriormente pode ser exportado para PDF ou outros formatos espec&iacute;ficos de impress&atilde;o gr&aacute;fica.</div>\r\n<div class="CRSOqueEh">&nbsp;</div>\r\n<h3 class="CRSOqueVA">O que vou aprender neste curso?</h3>\r\n<div class="CRSOqueVA">&nbsp;</div>\r\n<div class="CRSOqueVA">No decorrer deste curso interativo de Adobe InDesign, o aluno ser&aacute; preparado para atuar no ramo da editora&ccedil;&atilde;o eletr&ocirc;nica (diagramar revistas, jornais, livros e todo o tipo de publica&ccedil;&otilde;es). Aprender&aacute; a criar documentos, a importar e editar textos, a cuidar da apar&ecirc;ncia, a criar livros, e at&eacute; a export&aacute;-los para outros formatos.</div>\r\n<div class="CRSOqueVA">&nbsp;</div>\r\n<h3 class="CRSOqueVA">Onde posso trabalhar?</h3>\r\n<div class="CRSOndPT">\r\n<p class="textoCRS">Os formandos deste curso estar&atilde;o aptos a trabalhar como designers editoriais e diagramadores em gr&aacute;ficas e est&uacute;dios de publicidade.</p>\r\n</div>\r\n<h3 class="CRSSpec">Especifica&ccedil;&otilde;es do Curso</h3>\r\n<div class="CRSSpec">&nbsp;</div>\r\n<div class="CRSSpec">Carga hor&aacute;ria total: 16 horas.<br /> Requisitos: No&ccedil;&otilde;es b&aacute;sicas de Inform&aacute;tica.<br /> P&uacute;blico alvo: Designers Gr&aacute;ficos e Diagramadores.</div>\r\n<div class="CRSPac">Pertence aos pacotes:<br />\r\n<p class="textoSpecCRS">Projetista Gr&aacute;fico.</p>\r\n<u></u></div>', 'curso-indesigncs6', '1488916725.jpg', 4, '2017-03-07 22:53:57', '2017-03-07 22:58:45'),
(16, 'Excel Modulo 2', '<h3>O que &eacute; o Excel 2013 - M&oacute;dulo III</h3>\r\n<p>Fabricado pela Microsoft, o Excel &eacute; a planilha eletr&ocirc;nica que faz parte do pacote Microsoft Office 2013. Possui todos os recursos necess&aacute;rios para calcular, analisar, resumir e apresentar os dados em relat&oacute;rios num&eacute;ricos. &Eacute;, com grande vantagem, o aplicativo de planilha eletr&ocirc;nica mais utilizado do mercado.</p>\r\n<h3>O que vou aprender neste curso?</h3>\r\n<p>Neste curso interativo, o aluno ir&aacute; aprender v&aacute;rios tipos de gr&aacute;ficos e minigr&aacute;ficos, novas fun&ccedil;&otilde;es, importa&ccedil;&atilde;o e an&aacute;lise de dados, formul&aacute;rios, VBA, e ainda tabelas din&acirc;micas e PowerView.</p>\r\n<h3>Onde posso trabalhar?</h3>\r\n<p>Os alunos que cursarem Access, Excel, PowerPoint e Word est&atilde;o aptos a trabalhar como operadores de microcomputador. Al&eacute;m disso, estar&atilde;o aptos a trabalhar nos setores financeiros das empresas.</p>\r\n<h3>Especifica&ccedil;&otilde;es do Curso</h3>\r\n<p>Carga hor&aacute;ria total: 12 horas.<br />&nbsp;Requisitos: Excel Intermedi&aacute;rio.<br />&nbsp;P&uacute;blico alvo: Interessados em usar o Excel de forma mais profissional ou avan&ccedil;ada.</p>\r\n<p><strong>Pertence aos pacotes:</strong></p>\r\n<p>Operador de Computador.</p>', 'excel-mod2', '1488915894.jpg', 7, '2017-03-07 22:44:55', '2017-03-07 22:44:55'),
(20, 'Atendente de Farmácia', '<h3>O que &eacute; o Atendente de Farm&aacute;cia&nbsp;</h3>\r\n<p>Um dos cargos mais importantes dentro de uma farm&aacute;cia, drogaria ou posto de sa&uacute;de &eacute; atendente de farm&aacute;cia, pois &eacute; ele que tem o primeiro contato com o paciente e cliente. Devido a isso, ele exerce uma fun&ccedil;&atilde;o de responsabilidade, j&aacute; que os produtos &agrave; venda s&atilde;o f&oacute;rmulas complexas e devem ser comercializados corretamente.</p>\r\n<h3>O que vou aprender neste curso?</h3>\r\n<p>O curso de Atendente de Farm&aacute;cia tem o objetivo de formar profissionais para atuarem na presta&ccedil;&atilde;o de assist&ecirc;ncia ao farmac&ecirc;utico. O curso ir&aacute; abranger conceitos fundamentais sobre atendimento, medicamentos, procedimentos e servi&ccedil;os farmac&ecirc;uticos, entre outros.</p>\r\n<h3>Onde posso trabalhar?</h3>\r\n<p>Com o curso, o aluno ir&aacute; aprender os procedimentos pr&aacute;ticos e te&oacute;ricos necess&aacute;rios ao atendimento em farm&aacute;cias, drogarias ou postos de sa&uacute;de.</p>\r\n<h4>Especifica&ccedil;&otilde;es do Curso</h4>\r\n<p>Carga hor&aacute;ria total: 24 horas.</p>\r\n<p>Requisitos: No&ccedil;&otilde;es b&aacute;sicas de Inform&aacute;tica.</p>\r\n<p>P&uacute;blico alvo: Interessados em trabalhar como Atendente de Farm&aacute;cia.</p>\r\n<p>Pertence aos pacotes:</p>\r\n<p>Atendimento de Farm&aacute;cia.</p>', 'curso-farmacia', '1489078370.jpg', 12, '2017-03-09 16:52:50', '2017-03-09 16:52:50'),
(21, 'Assistente Administrativo', '<h3>O que &eacute; o Assistente Administrativo 2.0</h3>\r\n<p>Administra&ccedil;&atilde;o &eacute; um conjunto de normas e fun&ccedil;&otilde;es elaboradas para organizar elementos da produ&ccedil;&atilde;o ou dos servi&ccedil;os de uma empresa. Atrav&eacute;s do gerenciamento dos recursos humanos, materiais e financeiros &eacute; poss&iacute;vel dirigir o dia a dia de uma empresa e controlar os resultados obtidos.</p>\r\n<h3>O que vou aprender neste curso?</h3>\r\n<p>Este curso tem como objetivo capacitar o aluno a exercer com a compet&ecirc;ncia a fun&ccedil;&atilde;o de administrador, estruturando e impulsionando o funcionamento em diversos setores das organiza&ccedil;&otilde;es. O conte&uacute;do oferece conceitos b&aacute;sicos de administra&ccedil;&atilde;o, al&eacute;m de abranger com detalhes as &aacute;reas especificas: empreendedorismo, planejamento estrat&eacute;gico e financeiro, controle de produ&ccedil;&atilde;o, RH, marketing.</p>\r\n<h3>Onde posso trabalhar?</h3>\r\n<p>Os concluintes deste curso interativo estar&atilde;o aptos a trabalhar como assistentes administrativos em empresas p&uacute;blicas ou privadas.</p>\r\n<h3>Especifica&ccedil;&otilde;es do Curso</h3>\r\n<p>Carga hor&aacute;ria total: 18 horas.</p>\r\n<p>Requisitos: No&ccedil;&otilde;es b&aacute;sicas de Inform&aacute;tica.</p>\r\n<p>P&uacute;blico alvo: Interessados em trabalhar na &aacute;rea administrativa.</p>\r\n<p><strong>Pertence aos pacotes:</strong></p>\r\n<p>Auxiliar Administrativo, Analista Cont&aacute;bil e Financeiro, Secretariado, Operador de Caixa, Forma&ccedil;&atilde;o Empreendedora, Supervisor de Vendas (Gest&atilde;o de Vendas e Marketing), Hotelaria e Turismo, Atendimento de Farm&aacute;cia, Auxiliar de Produ&ccedil;&atilde;o de A&ccedil;&uacute;car e &Aacute;lcool, Petr&oacute;leo e G&aacute;s e Minera&ccedil;&atilde;o.</p>', 'curso-assistente-administrativo', '1489080779.jpg', 12, '2017-03-09 17:31:41', '2017-03-09 17:32:59'),
(22, 'Html5 e CSS', '<h3>O que &eacute; o HTML5 com CSS</h3>\r\n<p>HTML5 (Linguagem de Marca&ccedil;&atilde;o de Hipertexto, vers&atilde;o 5) &eacute; uma linguagem para e apresenta&ccedil;&atilde;o de conte&uacute;do para a World Wide Web e &eacute; uma tecnologia chave da Internet originalmente proposto pela Opera Software. CSS &eacute; o acr&ocirc;nimo de Cascading Style Sheets, em portugu&ecirc;s, &ldquo;folhas de estilo em cascata&rdquo;. &Eacute; uma especifica&ccedil;&atilde;o que define como os elementos que comp&otilde;em uma p&aacute;gina, um documento ou aplica&ccedil;&atilde;o Web ser&atilde;o exibidos.</p>\r\n<h3>O que vou aprender neste curso?</h3>\r\n<p>Neste curso interativo de HTML5 com CSS, o aluno aprender&aacute; todos os passos necess&aacute;rios para a cria&ccedil;&atilde;o de uma P&aacute;gina na Web, utilizando uma linguagem mundialmente conhecida e padronizada. O curso abrange desde a introdu&ccedil;&atilde;o &agrave; linguagem HTML5 com CSS, passando pela formata&ccedil;&atilde;o, trabalho com links, frames, sons, v&iacute;deos e efeitos especiais at&eacute; &agrave; sua publica&ccedil;&atilde;o na Web.</p>\r\n<h3>Onde posso trabalhar?</h3>\r\n<p>Os alunos que cursarem HTML5 com CSS poder&atilde;o atuar em &aacute;reas de tecnologias como projetistas Web.</p>\r\n<p><strong>Especifica&ccedil;&otilde;es do Curso</strong></p>\r\n<p>Carga hor&aacute;ria total: 22 horas.</p>\r\n<p>Requisitos: No&ccedil;&otilde;es b&aacute;sicas de Inform&aacute;tica.</p>\r\n<p>P&uacute;blico alvo: Desenvolvedores de p&aacute;ginas para Web.</p>\r\n<p>Pertence aos pacotes:</p>\r\n<p>Projetista Gr&aacute;fico Profissional, Games, Desenvolvimento de Sites.</p>', 'curso-html', '1489081958.png', 13, '2017-03-09 17:52:38', '2017-03-09 17:52:38'),
(23, 'Adobe Photoshop CS6', '<p>O que &eacute; o Photoshop CS6</p>\r\n<p>O Adobe Photoshop &eacute; um programa de edi&ccedil;&atilde;o e tratamento de imagens, desenvolvido pela Adobe Systems. Com ele &eacute; poss&iacute;vel efetuar simples ou profundas corre&ccedil;&otilde;es em qualquer tipo de imagem, al&eacute;m de possibilitar a cria&ccedil;&atilde;o de diversos trabalhos art&iacute;sticos digitalizados.</p>\r\n<p>O que vou aprender neste curso?</p>\r\n<p>Este curso objetiva fornecer as t&eacute;cnicas de cria&ccedil;&atilde;o, composi&ccedil;&atilde;o e tratamento de imagem, como por exemplo, retoque de imagens. O aluno aprender&aacute; a explorar ao m&aacute;ximo as ferramentas do Photoshop, adquirindo as habilidades necess&aacute;rias para corrigir, retocar e alterar fotografias, aplicar filtros e efeitos especiais, gerir e editar cores, camadas, textos e canais.</p>\r\n<p>Onde posso trabalhar?</p>\r\n<p>Por ser um programa destinado ao trabalho com arte final, o Adobe Photoshop pode ser utilizado por artistas, ilustradores, criadores de s&iacute;mbolos ou logotipos, fot&oacute;grafos, designers gr&aacute;ficos ou por qualquer pessoa que precise trabalhar com retoque de imagem.</p>\r\n<p>Especifica&ccedil;&otilde;es do Curso</p>\r\n<p>Carga hor&aacute;ria total: 24 horas.</p>\r\n<p>Requisitos: No&ccedil;&otilde;es b&aacute;sicas de Inform&aacute;tica.</p>\r\n<p>P&uacute;blico alvo: Interessados em arte gr&aacute;fica e corre&ccedil;&atilde;o de fotografias, para trabalhar em gr&aacute;ficas ou est&uacute;dios.</p>\r\n<p>Pertence aos pacotes:</p>\r\n<p>Projetista Gr&aacute;fico, Projetista Gr&aacute;fico Profissional.</p>', 'curso-photoshopcs6', '1489082127.jpg', 4, '2017-03-09 17:55:27', '2017-03-09 17:55:27'),
(24, 'Corel DralX6', '<h3>O que &eacute; o CorelDraw X6</h3>\r\n<p>Fabricado pela Corel Corporation, o CorelDraw &eacute; considerado o principal programa gr&aacute;fico do mercado. &Eacute; um software de desenho baseado em vetores, o que facilita muito a cria&ccedil;&atilde;o da arte final. Com ele &eacute; poss&iacute;vel criar desde simples logotipos at&eacute; ilustra&ccedil;&otilde;es elaboradas com desenhos de grande complexidade, manipular desenhos art&iacute;sticos, publicit&aacute;rios, capas de revistas, livros, CDs.</p>\r\n<h3>O que vou aprender neste curso?</h3>\r\n<p>O objetivo deste curso interativo &eacute; capacitar o aluno a utilizar do software CorelDraw de forma funcional e criativa, de modo a poder criar e manipular desenhos imagens e ilustra&ccedil;&otilde;es. No decorrer do curso ser&aacute; ensinado a desenhar imagens vetoriais, a formar e moldar objetos, configurar layouts de p&aacute;ginas, criar efeito, a trabalhar com tabelas, a exportar, imprimir e publicar ilustra&ccedil;&otilde;es.</p>\r\n<h3>Onde posso trabalhar?</h3>\r\n<p>Os alunos deste curso est&atilde;o aptos a trabalhar com ilustra&ccedil;&otilde;es, design e projetos gr&aacute;ficos.</p>\r\n<p><strong>Especifica&ccedil;&otilde;es do Curso</strong></p>\r\n<p>Carga hor&aacute;ria total: 16 horas.</p>\r\n<p>Requisitos: No&ccedil;&otilde;es b&aacute;sicas de Inform&aacute;tica.</p>\r\n<p>P&uacute;blico alvo: Interessados em trabalhar com cria&ccedil;&atilde;o de imagens e impress&atilde;o em gr&aacute;ficas.</p>\r\n<p>Pertence aos pacotes:</p>\r\n<p>Projetista Gr&aacute;fico.</p>', 'curso-coreldralX6', '1489082503.jpg', 4, '2017-03-09 18:01:43', '2017-03-09 18:01:43'),
(25, 'AutoCAD 2014 Módulo 1', '<h3>O que é o AutoCAD 2014 - Módulo 1</h3><p>Fabricado pela Autodesk, AutoCad é um programa utilizado principalmente para elaboração de peças de desenho técnico em duas dimensões (2D) e para criação de modelos tridimensionais (3D). É amplamente utilizado em arquitetura, design de interiores, engenharia mecânica, entre outros vários ramos da indústria.</p><h3>O que vou aprender neste curso?</h3><p>O curso interativo de AutoCad 2014 prepara o aluno para utilizar comandos básicos, modos de visualização e seleção, além de iniciação a formas para criação, edição e modificação de objetos, criação de modelos tridimensionais, amplamente utilizados em arquitetura e engenharia.</p><h3>Onde posso trabalhar?</h3><p>O aluno que cursar AutoCad 2014 poderá trabalhar como Projetista, em setores ligados a arquitetura e engenharia.</p><p><strong>Especificações do Curso</strong></p><p>Carga horária total: 16 horas.</p><p>Requisitos: Informática Básica e Desenho Arquitetônico.</p><p>Público alvo: Jovens e adultos.</p><p>Pertence aos pacotes:</p><p>AutoCAD.</p>', 'curso-autocad2014-mod1', '1489087674.jpg', 14, '2017-03-09 19:27:54', '2017-03-09 19:27:54'),
(26, 'Gestão de Pessoas', '<h3>O que &eacute; o Gest&atilde;o de Pessoas</h3>\r\n<p>O curso de Gest&atilde;o de Pessoas possui o objetivo de capacitar os profissionais quanto aos principais conceitos atuais relacionados ao Departamento Pessoal de toda empresa.</p>\r\n<h3>O que vou aprender neste curso?</h3>\r\n<p>O aluno aprende o Conceito e a Import&acirc;ncia da &aacute;rea, Fun&ccedil;&otilde;es e Habilidades do Gestor, Gest&atilde;o Estrat&eacute;gica, Planejamento de Metas, Motiva&ccedil;&atilde;o, Administra&ccedil;&atilde;o de Conflitos, Desenvolvimento Gerencial, Relacionamento Interpessoal e muito mais.</p>\r\n<h3>Onde posso trabalhar?</h3>\r\n<p>Este mercado de trabalho oferece diversas possibilidades. Dentre elas, poder&aacute; trabalhar em escrit&oacute;rios, lojas, f&aacute;bricas e empresas.</p>\r\n<h3>Especifica&ccedil;&otilde;es do Curso</h3>\r\n<p>Carga hor&aacute;ria total: 18 horas</p>\r\n<p>Requisitos: No&ccedil;&otilde;es b&aacute;sicas de inform&aacute;tica.</p>\r\n<p>P&uacute;blico alvo: Interessados em adquirir t&eacute;cnicas profissionais para liderar equipes de trabalho.</p>\r\n<p><strong>Pertence aos pacotes:</strong></p>\r\n<p>Forma&ccedil;&atilde;o Empreendedora, Supervisor de Vendas (Gest&atilde;o de Vendas e Marketing).</p>', 'curso-gestao-pessoas', '1489098207.jpg', 8, '2017-03-09 22:23:27', '2017-03-09 22:23:27'),
(27, 'Auxiliar de RH', '<h3>O que &eacute; o Auxiliar de RH</h3>\r\n<p>O setor de Administra&ccedil;&atilde;o de Pessoal faz parte da estrutura organizacional de praticamente todas as empresas. &Eacute; o setor respons&aacute;vel por executar as fun&ccedil;&otilde;es de gerenciamento dos recursos humanos da empresa, tais como: admiss&atilde;o de funcion&aacute;rios, controle de frequ&ecirc;ncia, treinamento e orienta&ccedil;&atilde;o, rescis&atilde;o de contrato, compensa&ccedil;&atilde;o e muito mais.</p>\r\n<h3>O que vou aprender neste curso?</h3>\r\n<p>O curso visa preparar o aluno para atuar na &aacute;rea de recursos humanos. Para isso, s&atilde;o abordados temas essenciais ao exerc&iacute;cio da profiss&atilde;o, como por exemplo, a contrata&ccedil;&atilde;o, tipos de contratos, jornada de trabalho, remunera&ccedil;&atilde;o, f&eacute;rias, rescis&atilde;o contratual, gerenciamento de pessoal.</p>\r\n<h3>Onde posso trabalhar?</h3>\r\n<p>Os concluintes deste curso interativo estar&atilde;o aptos a trabalhar como Analistas de Recursos Humanos, em empresas privadas ou p&uacute;blicas.</p>\r\n<h3>Especifica&ccedil;&otilde;es do Curso</h3>\r\n<p>Carga hor&aacute;ria total: 20 horas.</p>\r\n<p>Requisitos: No&ccedil;&otilde;es b&aacute;sicas de Inform&aacute;tica.</p>\r\n<p>P&uacute;blico alvo: Interessados na &aacute;rea de recursos humanos.</p>\r\n<h3>Pertence aos pacotes:</h3>\r\n<p>Auxiliar Administrativo, Analista Cont&aacute;bil e Financeiro, Forma&ccedil;&atilde;o Empreendedora.</p>', 'curso-auxiliarRH', '1489510711.png', 11, '2017-03-14 16:58:31', '2017-03-14 16:58:31'),
(28, 'Contabilidade', '<h3>O que &eacute; o Contabilidade 2.0</h3>\r\n<p>&Eacute; a ci&ecirc;ncia que estuda, interpreta e controla todas as transa&ccedil;&otilde;es efetuadas por uma empresa, atrav&eacute;s do registro e an&aacute;lise de fatos relacionados com a forma&ccedil;&atilde;o, movimenta&ccedil;&atilde;o e as varia&ccedil;&otilde;es do patrim&ocirc;nio da institui&ccedil;&atilde;o. Seu objetivo &eacute; assegurar o controle financeiro da empresa e fornecer informa&ccedil;&otilde;es para direcionamento administrativo.</p>\r\n<h3>O que vou aprender neste curso?</h3>\r\n<p>O curso apresentar&aacute; conceitos pr&aacute;ticos da contabilidade e inform&aacute;tica, o que proporcionar&aacute; uma r&aacute;pida adapta&ccedil;&atilde;o ao mercado de trabalho. O conte&uacute;do aborda, entre outros conte&uacute;dos, o uso e registro de patrim&ocirc;nio empresarial, m&eacute;todo de Partidas Dobradas, Livro Raz&atilde;o, o uso do Excel em Contabilidade, entre outros.</p>\r\n<h3>Onde posso trabalhar?</h3>\r\n<p>Os concluintes do curso estar&atilde;o aptos a trabalhar com registros cont&aacute;beis das empresas, atuando como auxiliares, assistentes de contabilidade e controlar seus neg&oacute;cios.</p>\r\n<h3>Especifica&ccedil;&otilde;es do Curso</h3>\r\n<p><strong>Carga hor&aacute;ria total: 18 horas.</strong></p>\r\n<p>Requisitos: No&ccedil;&otilde;es b&aacute;sicas de Inform&aacute;tica.</p>\r\n<p>P&uacute;blico alvo: Interessados da &aacute;rea cont&aacute;bil.</p>\r\n<p>Pertence aos pacotes:</p>\r\n<p>Auxiliar Administrativo, Secretariado, Forma&ccedil;&atilde;o Empreendedora.</p>', 'curso-contabilidade', '1489511390.jpg', 8, '2017-03-14 17:09:50', '2017-03-14 17:09:50'),
(29, 'Liderança', '<h3>O que &eacute; o Lideran&ccedil;a</h3>\r\n<p>O curso de Lideran&ccedil;a possui o objetivo de habilitar os profissionais quanto aos principais conceitos atuais relacionados &agrave; compet&ecirc;ncia de liderar.</p>\r\n<p>O que vou aprender neste curso?</p>\r\n<p>O curso de Lideran&ccedil;a aborda assuntos sobre defini&ccedil;&atilde;o, habilidades, tipos e conduta de um l&iacute;der, os estilos de lideran&ccedil;a, a import&acirc;ncia da criatividade, a busca pelo sucesso, entre outros.</p>\r\n<p>Onde posso trabalhar?</p>\r\n<p>Este mercado de trabalho oferece diversas possibilidades. Dentre elas, poder&aacute; trabalhar em escrit&oacute;rios, lojas, f&aacute;bricas e empresas.</p>\r\n<p>Especifica&ccedil;&otilde;es do Curso</p>\r\n<p>Carga hor&aacute;ria total: 12 horas</p>\r\n<p>Requisitos: No&ccedil;&otilde;es b&aacute;sicas de inform&aacute;tica.</p>\r\n<p>P&uacute;blico alvo: Interessados em adquirir t&eacute;cnicas profissionais para liderar equipes de trabalho.</p>\r\n<p>Pertence aos pacotes:</p>\r\n<p>Forma&ccedil;&atilde;o Empreendedora e Supervisor de Vendas (Gest&atilde;o de Vendas e Marketing)</p>', 'curso-liderança', '1489511624.jpg', 8, '2017-03-14 17:13:44', '2017-03-14 17:13:44'),
(30, 'Telemarketing', '<h3>O que &eacute; o Telemarketing</h3>\r\n<p>Telemarketing envolve a realiza&ccedil;&atilde;o do trabalho de marketing pelo telefone. &Eacute; um meio de divulga&ccedil;&atilde;o e promo&ccedil;&atilde;o de servi&ccedil;os e produtos, presta&ccedil;&atilde;o de assist&ecirc;ncia a clientes de v&aacute;rios segmentos do mercado atrav&eacute;s do aparelho telef&ocirc;nico.</p>\r\n<h3>O que vou aprender neste curso?</h3>\r\n<p>Este curso interativo de Telemarketing visa fornecer ao aluno a forma&ccedil;&atilde;o e o desenvolvimento de um perfil profissional de telemarketing. O conte&uacute;do do curso interativo Telemarketing abrange intelig&ecirc;ncia interpessoal e intrapessoal, colocar a voz de forma adequada, t&eacute;cnicas de venda, padr&otilde;es de atendimento por meio de utiliza&ccedil;&atilde;o de scripts e muito mais.</p>\r\n<h3>Onde posso trabalhar?</h3>\r\n<p>O mercado de trabalho est&aacute; cada vez mais amplo para estes profissionais. Em geral, operadores de telemarketing trabalham em Call Centers, escrit&oacute;rios especializados em atendimentos telef&ocirc;nicos ou SAC.</p>\r\n<h3>Especifica&ccedil;&otilde;es do Curso</h3>\r\n<p><strong>Carga hor&aacute;ria total: 20 horas.</strong></p>\r\n<p>Requisitos: No&ccedil;&otilde;es b&aacute;sicas de Inform&aacute;tica.</p>\r\n<p>P&uacute;blico alvo: Interessados em iniciar a carreira no campo de Telemarketing.</p>\r\n<p>Pertence aos pacotes:</p>\r\n<p>Supervisor de Vendas (Gest&atilde;o de Vendas e Marketing), Atendimento e Vendas.</p>', 'curso-telemarketing', '1489512218.jpg', 11, '2017-03-14 17:23:38', '2017-03-14 17:23:38'),
(31, 'Publicidade e Propaganda', '<h3>O que &eacute; o Publicidade e Propaganda&nbsp;</h3>\r\n<p>Publicidade e Propaganda &eacute; atividade profissional que consiste na cria&ccedil;&atilde;o, realiza&ccedil;&atilde;o e divulga&ccedil;&atilde;o de ideias associadas a empresas, produtos ou servi&ccedil;os atrav&eacute;s de campanhas publicit&aacute;rias, procurando a melhor estrat&eacute;gia para apresentar o produto ou servi&ccedil;o ao consumidor de forma a promover a sua venda.</p>\r\n<h3>O que vou aprender neste curso?</h3>\r\n<p>O objetivo do curso interativo Publicidade e Propaganda &eacute; capacitar o aluno para atuar na &aacute;rea de marketing, fornecendo-lhe estrat&eacute;gias que conduzam a resultados mais produtivos. O curso inclui os conceitos de publicidade e propaganda, como tirar proveito da criatividade, estrat&eacute;gias alternativas, estrat&eacute;gias de m&iacute;dia, sele&ccedil;&atilde;o do p&uacute;blico alvo, o papel das emo&ccedil;&otilde;es na propaganda e muito mais.</p>\r\n<h3>Onde posso trabalhar?</h3>\r\n<p>O aluno estar&aacute; apto a trabalhar em ag&ecirc;ncias de comunica&ccedil;&atilde;o, departamentos de marketing, jornais, revistas, consultorias, institutos de pesquisa, ag&ecirc;ncias de publicidade, etc.</p>\r\n<p><strong>Especifica&ccedil;&otilde;es do Curso</strong></p>\r\n<p>Carga hor&aacute;ria total: 18 horas.</p>\r\n<p>Requisitos: Nenhum pr&eacute;-requisito.</p>\r\n<p>P&uacute;blico alvo: Interessados em trabalhar na &aacute;rea publicit&aacute;ria.</p>\r\n<p>Pertence aos pacotes:</p>\r\n<p>Supervisor de Vendas (Gest&atilde;o de Vendas e Marketing), Hotelaria e Turismo.</p>', 'curso-publicidade-propaganda', '1489512936.jpg', 8, '2017-03-14 17:33:57', '2017-03-14 17:35:36'),
(32, 'Lógica de Programação', '<h3>O que &eacute; o L&oacute;gica de Programa&ccedil;&atilde;o 2.0</h3>\r\n<p>L&oacute;gica de programa&ccedil;&atilde;o &eacute; o nome dado ao trabalho de desenvolver sistemas e programas definindo a sequ&ecirc;ncia l&oacute;gica para seu desenvolvimento. O sentido da l&oacute;gica de programa&ccedil;&atilde;o &eacute; levar a maneira da l&oacute;gica matem&aacute;tica &agrave; programa&ccedil;&atilde;o de computadores. Este curso &eacute; fundamental para que o aluno desenvolva programas eficazes e adequados aos usu&aacute;rios.</p>\r\n<h3>O que vou aprender neste curso?</h3>\r\n<p>No curso interativo de L&oacute;gica de Programa&ccedil;&atilde;o o aluno aprender&aacute; regras que devem ser respeitadas para a constru&ccedil;&atilde;o de uma sequ&ecirc;ncia l&oacute;gica e verdadeira em um programa, o que evitar&aacute; erros no desenvolvimento do sistema e possibilitar&aacute; a cria&ccedil;&atilde;o de um programa f&aacute;cil e intelig&iacute;vel. Ser&atilde;o abordados temas como introdu&ccedil;&atilde;o &agrave; l&oacute;gica, vari&aacute;veis, constru&ccedil;&atilde;o de express&otilde;es, introdu&ccedil;&otilde;es de processamento.</p>\r\n<h3>Onde posso trabalhar?</h3>\r\n<p>O curso de L&oacute;gica da Programa&ccedil;&atilde;o &eacute; prepara&ccedil;&atilde;o para linguagens e protocolos de programa&ccedil;&atilde;o.</p>\r\n<h3>Especifica&ccedil;&otilde;es do Curso</h3>\r\n<p><strong>Carga hor&aacute;ria total: 24 horas.</strong></p>\r\n<p>Requisitos: Conhecimento b&aacute;sico de inform&aacute;tica e racioc&iacute;nio.</p>\r\n<p>P&uacute;blico alvo: Interessados em aprender programa&ccedil;&atilde;o.</p>\r\n<p>Pertence aos pacotes:</p>\r\n<p>Desenvolvimento de Sites, Programa&ccedil;&atilde;o de Computadores.</p>', 'curso-log-programacao', '1489513244.jpg', 10, '2017-03-14 17:40:44', '2017-03-14 17:40:44'),
(33, 'Linguagem SQL', '<h3>&nbsp;que &eacute; o Linguagem SQL</h3>\r\n<p>SQL &eacute; sigla inglesa de &ldquo;Structured Query Language&rdquo; que significa, em Portugu&ecirc;s, Linguagem de Consulta Estruturada, uma linguagem padr&atilde;o de gerenciamento de dados que interage com os principais bancos de dados baseados no modelo relacional.</p>\r\n<h3>O que vou aprender neste curso?</h3>\r\n<p>O curso de Linguagem SQL tem o objetivo de preparar o aluno para entender a estrutura de uma das linguagens de consulta a banco de dados mais amplamente usadas na programa&ccedil;&atilde;o atualmente: o SQL. O curso aborda os diferentes tipos de dados, variados comandos para inserir, atualizar e apagar dados, como padronizar e alterar tabelas al&eacute;m de outros recursos dispon&iacute;veis.</p>\r\n<h3>Onde posso trabalhar?</h3>\r\n<p>O aluno poder&aacute; utilizar seus conhecimentos possibilita que o aluno trabalhe com cria&ccedil;&atilde;o de aplica&ccedil;&otilde;es web.</p>\r\n<h5><strong>Especifica&ccedil;&otilde;es do Curso</strong></h5>\r\n<p>Carga hor&aacute;ria total: 20 horas.</p>\r\n<p>Requisitos: No&ccedil;&otilde;es b&aacute;sicas de inform&aacute;tica e racioc&iacute;nio.</p>\r\n<p>P&uacute;blico alvo: Interessados em aprender programa&ccedil;&atilde;o.</p>\r\n<p>Pertence aos pacotes:</p>\r\n<p>Desenvolvimento de Sites.</p>', 'curso-LSQL', '1489513559.png', 10, '2017-03-14 17:45:59', '2017-03-14 17:45:59'),
(34, 'PHP', '<h3>O que &eacute; o PHP 5</h3>\r\n<p>O PHP &eacute; uma linguagem de script open source de uso geral, muito utilizada, e especialmente adequada para o desenvolvimento web e que pode ser embutida dentro do HTML.</p>\r\n<h3>O que vou aprender neste curso?</h3>\r\n<p>O curso de PHP 5 tem por objetivo ensinar o uso dos recursos b&aacute;sicos da linguagem PHP, muito utilizada para cria&ccedil;&atilde;o de p&aacute;ginas web din&acirc;micas. Apresenta elementos e comandos de constru&ccedil;&atilde;o, uso de vari&aacute;veis e constantes, conex&atilde;o com banco de dados MySQL e tamb&eacute;m como criar um sistema de cadastro simples.</p>\r\n<h3>Onde posso trabalhar?</h3>\r\n<p>O aluno poder&aacute; utilizar seus conhecimentos possibilita que o aluno trabalhe com cria&ccedil;&atilde;o de aplica&ccedil;&otilde;es web.</p>\r\n<h3>Especifica&ccedil;&otilde;es do Curso</h3>\r\n<p>Carga hor&aacute;ria total: 20 horas.</p>\r\n<p>Requisitos: HTML e L&oacute;gica de Programa&ccedil;&atilde;o</p>\r\n<p>P&uacute;blico alvo: Programadores e usu&aacute;rios avan&ccedil;ados que desejam elaborar p&aacute;gina de internet com conte&uacute;do din&acirc;mico e interativo.</p>\r\n<h3>Pertence aos pacotes:</h3>\r\n<p>Desenvolvimento de Sites</p>', 'curso-php', '1489513885.png', 13, '2017-03-14 17:51:25', '2017-03-14 17:51:25'),
(35, 'Manutenção de Computadores', '<h3>O que &eacute; o Hardware 2.0</h3>\r\n<p>Hardware &eacute; a parte f&iacute;sica do computador. &Eacute; formado pelos componentes eletr&ocirc;nicos, como por exemplo, circuitos de fios e luz, utens&iacute;lios, correntes ou qualquer outro material em estado f&iacute;sico que seja fundamental para que um computador funcione.</p>\r\n<h3>O que vou aprender neste curso?</h3>\r\n<p>Ao longo deste curso interativo, o aluno ir&aacute; se aprofundar&aacute; sobre todos os componentes do computador, estudando cada uma de suas as fun&ccedil;&otilde;es. O curso ensina sistema bin&aacute;rio, sistemas de arquivos, montagem de um PC, configura&ccedil;&atilde;o de setup, drivers, pragas virtuais, etc.</p>\r\n<h3>Onde posso trabalhar?</h3>\r\n<p>O aluno que cursar Hardware estar&aacute; apto a trabalhar como T&eacute;cnico de Inform&aacute;tica, oferecendo manuten&ccedil;&atilde;o em microcomputadores.</p>\r\n<h3>Especifica&ccedil;&otilde;es do Curso</h3>\r\n<p><strong>Carga hor&aacute;ria total: 24 horas.</strong></p>\r\n<p>Requisitos: No&ccedil;&otilde;es b&aacute;sicas de Inform&aacute;tica.</p>\r\n<p>P&uacute;blico alvo: Interessados em atuar no mercado de montagem e manuten&ccedil;&atilde;o de computadores.</p>\r\n<p>Pertence aos pacotes:</p>\r\n<p>Manuten&ccedil;&atilde;o e Montagem de Computadores.</p>', 'curso-mont-manutencao', '1489515122.jpg', 2, '2017-03-14 18:12:02', '2017-03-14 18:30:34');

-- --------------------------------------------------------

--
-- Estrutura da tabela `galerias`
--

CREATE TABLE IF NOT EXISTS `galerias` (
  `id` int(10) unsigned NOT NULL AUTO_INCREMENT,
  `url` varchar(254) COLLATE utf8mb4_unicode_ci DEFAULT NULL,
  `created_at` timestamp NULL DEFAULT NULL,
  `updated_at` timestamp NULL DEFAULT NULL,
  PRIMARY KEY (`id`)
) ENGINE=MyISAM  DEFAULT CHARSET=utf8mb4 COLLATE=utf8mb4_unicode_ci AUTO_INCREMENT=17 ;

--
-- Extraindo dados da tabela `galerias`
--

INSERT INTO `galerias` (`id`, `url`, `created_at`, `updated_at`) VALUES
(11, '1488472099.jpg', '2017-03-02 19:28:19', '2017-03-02 19:28:19'),
(5, '1488400862.jpg', '2017-03-01 23:41:02', '2017-03-01 23:41:02'),
(10, '1488472074.jpg', '2017-03-02 19:27:55', '2017-03-02 19:27:55'),
(12, '1488472121.jpg', '2017-03-02 19:28:42', '2017-03-02 19:28:42');

-- --------------------------------------------------------

--
-- Estrutura da tabela `migrations`
--

CREATE TABLE IF NOT EXISTS `migrations` (
  `id` int(10) unsigned NOT NULL AUTO_INCREMENT,
  `migration` varchar(255) COLLATE utf8mb4_unicode_ci NOT NULL,
  `batch` int(11) NOT NULL,
  PRIMARY KEY (`id`)
) ENGINE=MyISAM  DEFAULT CHARSET=utf8mb4 COLLATE=utf8mb4_unicode_ci AUTO_INCREMENT=21 ;

--
-- Extraindo dados da tabela `migrations`
--

INSERT INTO `migrations` (`id`, `migration`, `batch`) VALUES
(1, '2014_10_12_000000_create_users_table', 1),
(2, '2014_10_12_100000_create_password_resets_table', 1),
(3, '2017_01_30_201625_create_posts_table', 1),
(4, '2017_02_09_131615_add_slug_to_posts', 1),
(5, '2017_02_18_171733_create_cursos_table', 2),
(6, '2017_02_18_172521_add_slug_to_cursos', 3),
(7, '2017_02_24_230916_create_categorias_table', 4),
(8, '2017_02_24_231423_add_categoria_table_id_to_posts', 4),
(9, '2017_02_24_235336_add_categoria_id_to_cursos', 5),
(10, '2017_02_27_161051_add_imagem_col_to_cursos', 6),
(11, '2017_03_01_181658_create_images_slides_table', 7),
(12, '2017_03_01_182858_create_images_galeria', 7),
(13, '2017_03_01_181651_create_images_slides_table', 8),
(14, '2017_03_01_182852_create_images_galeria', 8),
(15, '2017_03_01_193153_create_galeria', 9),
(16, '2017_03_01_193154_create_galeria', 10),
(17, '2017_03_01_393154_create_galeria', 11),
(18, '2017_03_01_211757_create_table_slides', 12),
(19, '2017_03_02_201328_add_image_col_posts', 13),
(20, '2017_03_07_172615_add_image_col_categoria', 14);

-- --------------------------------------------------------

--
-- Estrutura da tabela `password_resets`
--

CREATE TABLE IF NOT EXISTS `password_resets` (
  `email` varchar(100) COLLATE utf8mb4_unicode_ci NOT NULL,
  `token` varchar(100) COLLATE utf8mb4_unicode_ci NOT NULL,
  `created_at` timestamp NULL DEFAULT NULL,
  KEY `password_resets_email_index` (`email`),
  KEY `password_resets_token_index` (`token`)
) ENGINE=MyISAM DEFAULT CHARSET=utf8mb4 COLLATE=utf8mb4_unicode_ci;

-- --------------------------------------------------------

--
-- Estrutura da tabela `posts`
--

CREATE TABLE IF NOT EXISTS `posts` (
  `id` int(10) unsigned NOT NULL AUTO_INCREMENT,
  `titulo` varchar(200) COLLATE utf8mb4_unicode_ci NOT NULL DEFAULT 'sem titulo',
  `texto` text COLLATE utf8mb4_unicode_ci NOT NULL,
  `slug` varchar(100) COLLATE utf8mb4_unicode_ci NOT NULL,
  `url` varchar(254) COLLATE utf8mb4_unicode_ci NOT NULL,
  `created_at` timestamp NULL DEFAULT NULL,
  `updated_at` timestamp NULL DEFAULT NULL,
  PRIMARY KEY (`id`),
  UNIQUE KEY `posts_slug_unique` (`slug`)
) ENGINE=MyISAM  DEFAULT CHARSET=utf8mb4 COLLATE=utf8mb4_unicode_ci AUTO_INCREMENT=8 ;

--
-- Extraindo dados da tabela `posts`
--

INSERT INTO `posts` (`id`, `titulo`, `texto`, `slug`, `url`, `created_at`, `updated_at`) VALUES
(4, 'Em breve, lançamento do curso de Auxiliar Odontológico com estágio', '<h3><span style="color: #808080; font-family: Arial; font-size: medium; text-align: justify;">Auxiliar Odontol&oacute;gico</span></h3>\r\n<p><span style="color: #808080; font-family: Arial; font-size: medium; text-align: justify;">A profiss&atilde;o de Auxiliar de Consult&oacute;rio Dent&aacute;rio foi regulamentada em 24/12/08 atrav&eacute;s da Lei N.&ordm; 11.889, passando a denominar-se Auxiliar em Sa&uacute;de Bucal (ASB). Com a regulamenta&ccedil;&atilde;o, s&oacute; poder&atilde;o exercer a profiss&atilde;o portadores de certificado que atendam &agrave; Resolu&ccedil;&atilde;o Conselho Federal de Odontologia CFO/N.&ordm; 85 de 30/01/09.&nbsp;</span><br style="color: #808080; font-family: Arial; font-size: medium; text-align: justify;" /><br style="color: #808080; font-family: Arial; font-size: medium; text-align: justify;" /><span style="color: #808080; font-family: Arial; font-size: medium; text-align: justify;">Este curso tem o capacitar os participantes para o dom&iacute;nio das compet&ecirc;ncias necess&aacute;rias para o desempenho das atividades de Auxiliar de Sa&uacute;de Bucal.&nbsp;</span></p>\r\n<p><span style="color: #808080; font-family: Arial; font-size: medium; text-align: justify;">A Jotam Cursos vai disponibilizar em breve este curso, o aluno que adquirir esse pacote, contar&aacute; com m&oacute;dulos espec&iacute;ficos e certificado devidamente registrado, al&eacute;m de ter direito a est&aacute;gio para aprender na pr&aacute;tica tudo que lhe foi ensinado durante as aulas. Fiquem no aguardo.</span></p>', 'lançamento-saude-bucal', '1489007732.jpg', '2017-03-08 21:15:32', '2017-03-08 21:15:32'),
(5, 'Curso de Atendente de Farmácia', '<p>A qualidade no atendimento em farm&aacute;cia n&atilde;o est&aacute; apenas nas m&atilde;os do farmac&ecirc;utico, hoje sabemos que h&aacute; um sistema inteiro que norteia a maneira como um paciente ou cliente deve ser atendido. Verificamos tamb&eacute;m que quando h&aacute; uma qualidade no atendimento em farm&aacute;cia a mesma sobressai em rela&ccedil;&atilde;o a outras, mostrando a import&acirc;ncia de um bom atendimento.</p>\r\n<p>Pensando nisso a Jotam Cursos oferece o curso de Atendente de Farm&aacute;cia confira na &aacute;rea de cursos.</p>', 'noticia-curso-farmacia', '1489079129.jpg', '2017-03-09 17:05:29', '2017-03-09 17:05:29'),
(6, 'Curso de Liderança', '<p>Jotam Cursos lan&ccedil;a mais um curso, o curso de Lideran&ccedil;a tem as seguintes especifica&ccedil;&otilde;es:</p>\r\n<p>Especifica&ccedil;&otilde;es do Curso</p>\r\n<p>Carga hor&aacute;ria total: 12 horas</p>\r\n<p>Requisitos: No&ccedil;&otilde;es b&aacute;sicas de inform&aacute;tica.</p>\r\n<p>P&uacute;blico alvo: Interessados em adquirir t&eacute;cnicas profissionais para liderar equipes de trabalho.</p>\r\n<p>Grade do Curso</p>\r\n<p>Aula 1: O L&iacute;der</p>\r\n<p>Aula 2: Habilidades de um L&iacute;der</p>\r\n<p>Aula 3: Estilos de Lideran&ccedil;a</p>\r\n<p>Aula 4: Tipos de L&iacute;deres</p>\r\n<p>Aula 5: A Conduta do L&iacute;der</p>\r\n<p>Aula 6: Caracter&iacute;sticas e Fun&ccedil;&otilde;es</p>\r\n<p>Aula 7: A Import&acirc;ncia da Criatividade</p>\r\n<p>Aula 8: Ferramentas para a Criatividade</p>\r\n<p>Aula 9: A Busca pelo Sucesso</p>\r\n<p>Aula 10: Dinaminismo na Aplica&ccedil;&atilde;o do Tempo</p>', 'noticia-curso-liderança', '1489081099.jpg', '2017-03-09 17:38:20', '2017-03-09 17:38:20'),
(7, 'Lançamento Curso de Gestão de Pessoas', '<h3>O que &eacute; o Gest&atilde;o de Pessoas</h3>\r\n<p>O curso de Gest&atilde;o de Pessoas possui o objetivo de capacitar os profissionais quanto aos principais conceitos atuais relacionados ao Departamento Pessoal de toda empresa.</p>\r\n<h3>O que vou aprender neste curso?</h3>\r\n<p>O aluno aprende o Conceito e a Import&acirc;ncia da &aacute;rea, Fun&ccedil;&otilde;es e Habilidades do Gestor, Gest&atilde;o Estrat&eacute;gica, Planejamento de Metas, Motiva&ccedil;&atilde;o, Administra&ccedil;&atilde;o de Conflitos, Desenvolvimento Gerencial, Relacionamento Interpessoal e muito mais.</p>\r\n<h3>Onde posso trabalhar?</h3>\r\n<p>Este mercado de trabalho oferece diversas possibilidades. Dentre elas, poder&aacute; trabalhar em escrit&oacute;rios, lojas, f&aacute;bricas e empresas.</p>\r\n<p><strong>Especifica&ccedil;&otilde;es do Curso</strong></p>\r\n<p>Carga hor&aacute;ria total: 18 horas</p>\r\n<p>Requisitos: No&ccedil;&otilde;es b&aacute;sicas de inform&aacute;tica.</p>\r\n<p>P&uacute;blico alvo: Interessados em adquirir t&eacute;cnicas profissionais para liderar equipes de trabalho.</p>\r\n<p>Pertence aos pacotes:</p>\r\n<p>Forma&ccedil;&atilde;o Empreendedora, Supervisor de Vendas (Gest&atilde;o de Vendas e Marketing).</p>', 'noticia-curso-gestao', '1489083414.jpg', '2017-03-09 18:16:54', '2017-03-09 18:16:54');

-- --------------------------------------------------------

--
-- Estrutura da tabela `slides`
--

CREATE TABLE IF NOT EXISTS `slides` (
  `id` int(10) unsigned NOT NULL AUTO_INCREMENT,
  `url` varchar(254) COLLATE utf8mb4_unicode_ci NOT NULL,
  `created_at` timestamp NULL DEFAULT NULL,
  `updated_at` timestamp NULL DEFAULT NULL,
  PRIMARY KEY (`id`)
) ENGINE=MyISAM  DEFAULT CHARSET=utf8mb4 COLLATE=utf8mb4_unicode_ci AUTO_INCREMENT=9 ;

--
-- Extraindo dados da tabela `slides`
--

INSERT INTO `slides` (`id`, `url`, `created_at`, `updated_at`) VALUES
(7, '1488562971.png', '2017-03-03 20:42:51', '2017-03-03 20:42:51'),
(6, '1488562963.jpg', '2017-03-03 20:42:44', '2017-03-03 20:42:44'),
(4, '1488405680.jpg', '2017-03-02 01:01:20', '2017-03-02 01:01:20'),
(8, '1488562997.png', '2017-03-03 20:43:18', '2017-03-03 20:43:18');

-- --------------------------------------------------------

--
-- Estrutura da tabela `users`
--

CREATE TABLE IF NOT EXISTS `users` (
  `id` int(10) unsigned NOT NULL AUTO_INCREMENT,
  `name` varchar(100) COLLATE utf8mb4_unicode_ci NOT NULL,
  `email` varchar(100) COLLATE utf8mb4_unicode_ci NOT NULL,
  `password` varchar(100) COLLATE utf8mb4_unicode_ci NOT NULL,
  `remember_token` varchar(100) COLLATE utf8mb4_unicode_ci DEFAULT NULL,
  `created_at` timestamp NULL DEFAULT NULL,
  `updated_at` timestamp NULL DEFAULT NULL,
  PRIMARY KEY (`id`),
  UNIQUE KEY `users_email_unique` (`email`)
) ENGINE=MyISAM  DEFAULT CHARSET=utf8mb4 COLLATE=utf8mb4_unicode_ci AUTO_INCREMENT=2 ;

--
-- Extraindo dados da tabela `users`
--

INSERT INTO `users` (`id`, `name`, `email`, `password`, `remember_token`, `created_at`, `updated_at`) VALUES
(1, 'Jotam', 'alex.cc20@hotmail.com', '$2y$10$Gd/nL5Hd7g5WqNkvE9oGEu88T/nzzIzhlTNC8ftW7qXST14SAQzV.', 'FzdZZ4mMwPOhye68r95Jy2ZNDtYLn3pRzdxhWfJLweRh7lVgMGIEn5UnQxUE', '2017-02-18 02:47:47', '2017-02-18 02:47:47');

/*!40101 SET CHARACTER_SET_CLIENT=@OLD_CHARACTER_SET_CLIENT */;
/*!40101 SET CHARACTER_SET_RESULTS=@OLD_CHARACTER_SET_RESULTS */;
/*!40101 SET COLLATION_CONNECTION=@OLD_COLLATION_CONNECTION */;
